{"cameraMode":{"drawMode":0,"name":"Shaded","section":"Shading Mode"},"sceneLighting":true,"audioPlay":false,"sceneViewState":{"showFog":true,"showMaterialUpdate":true,"showSkybox":true,"showFlares":true,"showImageEffects":true,"showParticleSystems":true},"in2DMode":false,"pivot":{"x":0.6462405323982239,"y":-57.48015594482422,"z":35.38642501831055},"rotation":{"x":0.46471554040908816,"y":0.0037080340553075077,"z":-0.0019297937396913767,"w":0.8854680061340332},"size":179.31016540527345,"orthographic":false}