{"cameraMode":{"drawMode":0,"name":"Shaded","section":"Shading Mode"},"sceneLighting":true,"audioPlay":false,"sceneViewState":{"showFog":true,"showMaterialUpdate":true,"showSkybox":true,"showFlares":true,"showImageEffects":true,"showParticleSystems":true},"in2DMode":false,"pivot":{"x":-9.46068000793457,"y":-5.489390850067139,"z":11.066535949707032},"rotation":{"x":-0.320891410112381,"y":0.25863227248191836,"z":-0.09411712735891342,"w":-0.9067434668540955},"size":48.585609436035159,"orthographic":false}