{"cameraMode":{"drawMode":0,"name":"Shaded","section":"Shading Mode"},"sceneLighting":true,"audioPlay":false,"sceneViewState":{"showFog":true,"showMaterialUpdate":true,"showSkybox":true,"showFlares":true,"showImageEffects":true,"showParticleSystems":true},"in2DMode":false,"pivot":{"x":8.306865692138672,"y":1.447021245956421,"z":4.519418716430664},"rotation":{"x":0.24501369893550874,"y":-0.6326512098312378,"z":0.22339443862438203,"w":0.7004862427711487},"size":2.8578836917877199,"orthographic":false}