{"cameraMode":{"drawMode":0,"name":"Shaded","section":"Shading Mode"},"sceneLighting":true,"audioPlay":false,"sceneViewState":{"showFog":true,"showMaterialUpdate":true,"showSkybox":true,"showFlares":true,"showImageEffects":true,"showParticleSystems":true},"in2DMode":false,"pivot":{"x":3.39668607711792,"y":9.494224548339844,"z":-30.588298797607423},"rotation":{"x":0.45272359251976015,"y":0.014709181152284146,"z":-0.006614408455789089,"w":0.8916382193565369},"size":60.68581771850586,"orthographic":false}