{"cameraMode":{"drawMode":0,"name":"Shaded","section":"Shading Mode"},"sceneLighting":true,"audioPlay":false,"sceneViewState":{"showFog":true,"showMaterialUpdate":true,"showSkybox":true,"showFlares":true,"showImageEffects":true,"showParticleSystems":true},"in2DMode":false,"pivot":{"x":2.9666800498962404,"y":9.613168716430664,"z":-9.637040138244629},"rotation":{"x":0.25067245960235598,"y":-0.1156163290143013,"z":0.031613677740097049,"w":0.9610754251480103},"size":2.8578836917877199,"orthographic":false}