{"cameraMode":{"drawMode":0,"name":"Shaded","section":"Shading Mode"},"sceneLighting":true,"audioPlay":false,"sceneViewState":{"showFog":true,"showMaterialUpdate":true,"showSkybox":true,"showFlares":true,"showImageEffects":true,"showParticleSystems":true},"in2DMode":false,"pivot":{"x":9.975528717041016,"y":10.486895561218262,"z":-19.510366439819337},"rotation":{"x":0.1948082149028778,"y":-0.14350372552871705,"z":0.02996709756553173,"w":0.9702656269073486},"size":2.8578836917877199,"orthographic":false}