{"cameraMode":{"drawMode":0,"name":"Shaded","section":"Shading Mode"},"sceneLighting":false,"audioPlay":false,"sceneViewState":{"showFog":true,"showMaterialUpdate":true,"showSkybox":false,"showFlares":true,"showImageEffects":true,"showParticleSystems":true},"in2DMode":false,"pivot":{"x":-1.3586689233779908,"y":0.8341657519340515,"z":1.180769443511963},"rotation":{"x":-0.27519404888153078,"y":-0.5781631469726563,"z":0.21589386463165284,"w":-0.7372176647186279},"size":1.976347804069519,"orthographic":false}