{"cameraMode":{"drawMode":0,"name":"Shaded","section":"Shading Mode"},"sceneLighting":true,"audioPlay":false,"sceneViewState":{"showFog":true,"showMaterialUpdate":true,"showSkybox":true,"showFlares":true,"showImageEffects":true,"showParticleSystems":true},"in2DMode":false,"pivot":{"x":-0.06215902790427208,"y":-14.534876823425293,"z":21.809873580932618},"rotation":{"x":0.3014979660511017,"y":-0.02021709643304348,"z":0.0068707531318068508,"w":0.9533424973487854},"size":38.77058029174805,"orthographic":false}