{"cameraMode":{"drawMode":0,"name":"Shaded","section":"Shading Mode"},"sceneLighting":true,"audioPlay":false,"sceneViewState":{"showFog":true,"showMaterialUpdate":true,"showSkybox":true,"showFlares":true,"showImageEffects":true,"showParticleSystems":true},"in2DMode":false,"pivot":{"x":0.1265285760164261,"y":-9.656439781188965,"z":11.77405071258545},"rotation":{"x":-0.3308923840522766,"y":0.31349632143974306,"z":-0.1175830215215683,"w":-0.8822842240333557},"size":22.0,"orthographic":false}