{"cameraMode":{"drawMode":0,"name":"Shaded","section":"Shading Mode"},"sceneLighting":false,"audioPlay":false,"sceneViewState":{"showFog":true,"showMaterialUpdate":true,"showSkybox":false,"showFlares":true,"showImageEffects":true,"showParticleSystems":true},"in2DMode":false,"pivot":{"x":-0.6754486560821533,"y":0.5578770041465759,"z":1.3432434797286988},"rotation":{"x":0.11325692385435105,"y":-0.883178174495697,"z":0.27639156579971316,"w":0.36177119612693789},"size":1.976347804069519,"orthographic":false}