{"cameraMode":{"drawMode":0,"name":"Shaded","section":"Shading Mode"},"sceneLighting":false,"audioPlay":false,"sceneViewState":{"showFog":true,"showMaterialUpdate":true,"showSkybox":false,"showFlares":true,"showImageEffects":true,"showParticleSystems":true},"in2DMode":false,"pivot":{"x":1.0332921743392945,"y":1.2609519958496094,"z":-1.6548700332641602},"rotation":{"x":0.3514661490917206,"y":-0.2642713487148285,"z":0.10412444174289704,"w":0.8920857310295105},"size":2.3566715717315676,"orthographic":false}