{"cameraMode":{"drawMode":0,"name":"Shaded","section":"Shading Mode"},"sceneLighting":false,"audioPlay":false,"sceneViewState":{"showFog":true,"showMaterialUpdate":true,"showSkybox":false,"showFlares":true,"showImageEffects":true,"showParticleSystems":true},"in2DMode":false,"pivot":{"x":-0.8302319049835205,"y":0.8156171441078186,"z":1.8535276651382447},"rotation":{"x":-0.14677174389362336,"y":-0.7984957098960877,"z":0.21613287925720216,"w":-0.5424506664276123},"size":1.976347804069519,"orthographic":false}