{"cameraMode":{"drawMode":0,"name":"Shaded","section":"Shading Mode"},"sceneLighting":true,"audioPlay":false,"sceneViewState":{"showFog":true,"showMaterialUpdate":true,"showSkybox":true,"showFlares":true,"showImageEffects":true,"showParticleSystems":true},"in2DMode":false,"pivot":{"x":-3.607897996902466,"y":6.052773475646973,"z":-3.2385575771331789},"rotation":{"x":-0.38890013098716738,"y":-0.237950399518013,"z":0.0994124710559845,"w":-0.8850125074386597},"size":3.384106159210205,"orthographic":false}