{"cameraMode":{"drawMode":0,"name":"Shaded","section":"Shading Mode"},"sceneLighting":true,"audioPlay":false,"sceneViewState":{"showFog":true,"showMaterialUpdate":true,"showSkybox":true,"showFlares":true,"showImageEffects":true,"showParticleSystems":true},"in2DMode":false,"pivot":{"x":-1.2787187099456788,"y":-18.971723556518556,"z":17.593408584594728},"rotation":{"x":0.3867403566837311,"y":-0.05416538193821907,"z":0.022858284413814546,"w":0.9203550815582275},"size":46.62464141845703,"orthographic":false}