{"cameraMode":{"drawMode":0,"name":"Shaded","section":"Shading Mode"},"sceneLighting":true,"audioPlay":false,"sceneViewState":{"showFog":true,"showMaterialUpdate":true,"showSkybox":true,"showFlares":true,"showImageEffects":true,"showParticleSystems":true},"in2DMode":false,"pivot":{"x":-12.606040000915528,"y":-15.31805419921875,"z":23.525917053222658},"rotation":{"x":-0.263166606426239,"y":0.24297599494457246,"z":-0.07243102788925171,"w":-0.9313295483589172},"size":45.643959045410159,"orthographic":false}