{"cameraMode":{"drawMode":0,"name":"Shaded","section":"Shading Mode"},"sceneLighting":false,"audioPlay":false,"sceneViewState":{"showFog":true,"showMaterialUpdate":true,"showSkybox":true,"showFlares":true,"showImageEffects":true,"showParticleSystems":true},"in2DMode":false,"pivot":{"x":5.281379699707031,"y":2.006181478500366,"z":-3.2631289958953859},"rotation":{"x":0.26089203357696535,"y":0.05660339817404747,"z":-0.015389453619718552,"w":0.9639867544174194},"size":1.714730143547058,"orthographic":false}