{"cameraMode":{"drawMode":0,"name":"Shaded","section":"Shading Mode"},"sceneLighting":true,"audioPlay":false,"sceneViewState":{"showFog":true,"showMaterialUpdate":true,"showSkybox":true,"showFlares":true,"showImageEffects":true,"showParticleSystems":true},"in2DMode":false,"pivot":{"x":-4.587553024291992,"y":-3.34995174407959,"z":6.463277339935303},"rotation":{"x":0.2760084569454193,"y":-0.08665364235639572,"z":0.025047076866030694,"w":0.9569454193115234},"size":22.0,"orthographic":false}