{"cameraMode":{"drawMode":0,"name":"Shaded","section":"Shading Mode"},"sceneLighting":false,"audioPlay":false,"sceneViewState":{"showFog":true,"showMaterialUpdate":true,"showSkybox":true,"showFlares":true,"showImageEffects":true,"showParticleSystems":true},"in2DMode":false,"pivot":{"x":4.1742329597473148,"y":1.1728334426879883,"z":-0.544263482093811},"rotation":{"x":0.3013201355934143,"y":-0.3395315706729889,"z":0.11641249805688858,"w":0.8837653994560242},"size":2.658602237701416,"orthographic":false}