{"cameraMode":{"drawMode":0,"name":"Shaded","section":"Shading Mode"},"sceneLighting":true,"audioPlay":false,"sceneViewState":{"showFog":true,"showMaterialUpdate":true,"showSkybox":true,"showFlares":true,"showImageEffects":true,"showParticleSystems":true},"in2DMode":false,"pivot":{"x":1.9935522079467774,"y":-22.29533576965332,"z":26.464021682739259},"rotation":{"x":0.3358437418937683,"y":-0.08068962395191193,"z":0.02893032692372799,"w":0.9380448460578919},"size":46.62464141845703,"orthographic":false}