{"cameraMode":{"drawMode":0,"name":"Shaded","section":"Shading Mode"},"sceneLighting":true,"audioPlay":false,"sceneViewState":{"showFog":true,"showMaterialUpdate":true,"showSkybox":true,"showFlares":true,"showImageEffects":true,"showParticleSystems":true},"in2DMode":false,"pivot":{"x":-0.056746695190668109,"y":-22.923938751220704,"z":16.719085693359376},"rotation":{"x":-0.4149130880832672,"y":0.0006695453776046634,"z":-0.0006977315060794354,"w":-0.9099525213241577},"size":46.61104202270508,"orthographic":false}