{"cameraMode":{"drawMode":0,"name":"Shaded","section":"Shading Mode"},"sceneLighting":true,"audioPlay":false,"sceneViewState":{"showFog":true,"showMaterialUpdate":true,"showSkybox":true,"showFlares":true,"showImageEffects":true,"showParticleSystems":true},"in2DMode":false,"pivot":{"x":-2.482663154602051,"y":-4.625895977020264,"z":17.76487922668457},"rotation":{"x":0.2083868682384491,"y":-0.057419005781412128,"z":0.01295232679694891,"w":0.9763929843902588},"size":38.77058029174805,"orthographic":false}