{"cameraMode":{"drawMode":0,"name":"Shaded","section":"Shading Mode"},"sceneLighting":true,"audioPlay":false,"sceneViewState":{"showFog":true,"showMaterialUpdate":true,"showSkybox":true,"showFlares":true,"showImageEffects":true,"showParticleSystems":true},"in2DMode":false,"pivot":{"x":-1.9665944576263428,"y":-22.67084312438965,"z":11.458967208862305},"rotation":{"x":0.5052363276481628,"y":-0.02095821313560009,"z":0.012339097447693348,"w":0.8626799583435059},"size":46.62464141845703,"orthographic":false}