{"cameraMode":{"drawMode":0,"name":"Shaded","section":"Shading Mode"},"sceneLighting":true,"audioPlay":false,"sceneViewState":{"showFog":true,"showMaterialUpdate":true,"showSkybox":true,"showFlares":true,"showImageEffects":true,"showParticleSystems":true},"in2DMode":false,"pivot":{"x":-20.235836029052736,"y":-9.937923431396485,"z":20.37055206298828},"rotation":{"x":-0.2237650454044342,"y":0.4673992693424225,"z":-0.12645387649536134,"w":-0.8463923335075378},"size":48.585609436035159,"orthographic":false}