{"cameraMode":{"drawMode":0,"name":"Shaded","section":"Shading Mode"},"sceneLighting":true,"audioPlay":false,"sceneViewState":{"showFog":true,"showMaterialUpdate":true,"showSkybox":true,"showFlares":true,"showImageEffects":true,"showParticleSystems":true},"in2DMode":false,"pivot":{"x":2.2558929920196535,"y":4.545932769775391,"z":-3.9631235599517824},"rotation":{"x":-0.3791627287864685,"y":0.012375135906040669,"z":-0.010263307020068169,"w":-0.9257280230522156},"size":3.384106159210205,"orthographic":false}