{"cameraMode":{"drawMode":0,"name":"Shaded","section":"Shading Mode"},"sceneLighting":true,"audioPlay":false,"sceneViewState":{"showFog":true,"showMaterialUpdate":true,"showSkybox":false,"showFlares":true,"showImageEffects":true,"showParticleSystems":true},"in2DMode":false,"pivot":{"x":-1.2828277349472047,"y":1.7902966737747193,"z":2.5964572429656984},"rotation":{"x":-0.07550632953643799,"y":-0.9142327904701233,"z":0.20092038810253144,"w":-0.34383031725883486},"size":1.976347804069519,"orthographic":false}