{"cameraMode":{"drawMode":0,"name":"Shaded","section":"Shading Mode"},"sceneLighting":true,"audioPlay":false,"sceneViewState":{"showFog":true,"showMaterialUpdate":true,"showSkybox":true,"showFlares":true,"showImageEffects":true,"showParticleSystems":true},"in2DMode":false,"pivot":{"x":0.6626028418540955,"y":3.557743549346924,"z":-2.5732059478759767},"rotation":{"x":-0.3609994053840637,"y":-0.002082190942019224,"z":0.00045612145913764834,"w":-0.9326459765434265},"size":6.803123950958252,"orthographic":false}