{"cameraMode":{"drawMode":0,"name":"Shaded","section":"Shading Mode"},"sceneLighting":false,"audioPlay":false,"sceneViewState":{"showFog":true,"showMaterialUpdate":true,"showSkybox":true,"showFlares":true,"showImageEffects":true,"showParticleSystems":true},"in2DMode":false,"pivot":{"x":22.717334747314454,"y":-34.176673889160159,"z":-1.0320407152175904},"rotation":{"x":0.30942219495773318,"y":0.6445425748825073,"z":-0.32126855850219729,"w":0.6210722923278809},"size":61.87575912475586,"orthographic":false}