{"cameraMode":{"drawMode":0,"name":"Shaded","section":"Shading Mode"},"sceneLighting":true,"audioPlay":false,"sceneViewState":{"showFog":true,"showMaterialUpdate":true,"showSkybox":true,"showFlares":true,"showImageEffects":true,"showParticleSystems":true},"in2DMode":false,"pivot":{"x":3.9659478664398195,"y":3.768612861633301,"z":-6.6210036277771},"rotation":{"x":-0.266874760389328,"y":0.4084493815898895,"z":-0.1279214471578598,"w":-0.8639779090881348},"size":11.783357620239258,"orthographic":false}