{"cameraMode":{"drawMode":0,"name":"Shaded","section":"Shading Mode"},"sceneLighting":true,"audioPlay":false,"sceneViewState":{"showFog":true,"showMaterialUpdate":true,"showSkybox":true,"showFlares":true,"showImageEffects":true,"showParticleSystems":true},"in2DMode":false,"pivot":{"x":-21.234134674072267,"y":-16.731271743774415,"z":12.203972816467286},"rotation":{"x":0.21247552335262299,"y":-0.5719577074050903,"z":0.1569633185863495,"w":0.7767153978347778},"size":38.77058029174805,"orthographic":false}