{"cameraMode":{"drawMode":0,"name":"Shaded","section":"Shading Mode"},"sceneLighting":true,"audioPlay":false,"sceneViewState":{"showFog":true,"showMaterialUpdate":true,"showSkybox":true,"showFlares":true,"showImageEffects":true,"showParticleSystems":true},"in2DMode":false,"pivot":{"x":3.4064152240753176,"y":-15.763997077941895,"z":22.372066497802736},"rotation":{"x":0.337056964635849,"y":-0.01564517244696617,"z":0.006397149059921503,"w":0.941457986831665},"size":38.77058029174805,"orthographic":false}