{"cameraMode":{"drawMode":0,"name":"Shaded","section":"Shading Mode"},"sceneLighting":false,"audioPlay":false,"sceneViewState":{"showFog":true,"showMaterialUpdate":true,"showSkybox":true,"showFlares":true,"showImageEffects":true,"showParticleSystems":true},"in2DMode":false,"pivot":{"x":-0.7906813025474548,"y":1.8073153495788575,"z":-0.8484758138656616},"rotation":{"x":-0.20338626205921174,"y":-0.6569016575813294,"z":0.19047293066978455,"w":-0.7009791135787964},"size":1.7147308588027955,"orthographic":false}