{"cameraMode":{"drawMode":0,"name":"Shaded","section":"Shading Mode"},"sceneLighting":true,"audioPlay":false,"sceneViewState":{"showFog":true,"showMaterialUpdate":true,"showSkybox":true,"showFlares":true,"showImageEffects":true,"showParticleSystems":true},"in2DMode":false,"pivot":{"x":3.3199260234832765,"y":7.779520034790039,"z":-21.089065551757814},"rotation":{"x":0.38106536865234377,"y":-0.059861402958631518,"z":0.02474900148808956,"w":0.9222947955131531},"size":21.010000228881837,"orthographic":false}