{"cameraMode":{"drawMode":0,"name":"Shaded","section":"Shading Mode"},"sceneLighting":true,"audioPlay":false,"sceneViewState":{"showFog":true,"showMaterialUpdate":true,"showSkybox":true,"showFlares":true,"showImageEffects":true,"showParticleSystems":true},"in2DMode":false,"pivot":{"x":-0.07948832213878632,"y":7.972352027893066,"z":-12.624281883239746},"rotation":{"x":0.34286579489707949,"y":-0.0009354004287160933,"z":0.0020742628257721664,"w":0.9398482441902161},"size":2.8578836917877199,"orthographic":false}