{"cameraMode":{"drawMode":0,"name":"Shaded","section":"Shading Mode"},"sceneLighting":true,"audioPlay":false,"sceneViewState":{"showFog":true,"showMaterialUpdate":true,"showSkybox":true,"showFlares":true,"showImageEffects":true,"showParticleSystems":true},"in2DMode":false,"pivot":{"x":3.288900136947632,"y":-12.262866020202637,"z":23.266294479370118},"rotation":{"x":0.24816381931304933,"y":-0.017632033675909044,"z":0.0052747707813978199,"w":0.9686654210090637},"size":38.77058029174805,"orthographic":false}