{"cameraMode":{"drawMode":0,"name":"Shaded","section":"Shading Mode"},"sceneLighting":true,"audioPlay":false,"sceneViewState":{"showFog":true,"showMaterialUpdate":true,"showSkybox":true,"showFlares":true,"showImageEffects":true,"showParticleSystems":true},"in2DMode":false,"pivot":{"x":6.424744129180908,"y":9.946111679077149,"z":-6.075643062591553},"rotation":{"x":0.3465619385242462,"y":-0.12638212740421296,"z":0.047206658869981769,"w":0.9282984733581543},"size":2.125878095626831,"orthographic":false}