{"cameraMode":{"drawMode":0,"name":"Shaded","section":"Shading Mode"},"sceneLighting":true,"audioPlay":false,"sceneViewState":{"showFog":true,"showMaterialUpdate":true,"showSkybox":true,"showFlares":true,"showImageEffects":true,"showParticleSystems":true},"in2DMode":false,"pivot":{"x":2.3792037963867189,"y":7.43933629989624,"z":-10.985835075378418},"rotation":{"x":0.35545405745506289,"y":-0.1389968991279602,"z":0.05532246083021164,"w":0.9231218099594116},"size":2.8578836917877199,"orthographic":false}