{"cameraMode":{"drawMode":0,"name":"Shaded","section":"Shading Mode"},"sceneLighting":false,"audioPlay":false,"sceneViewState":{"showFog":true,"showMaterialUpdate":true,"showSkybox":false,"showFlares":true,"showImageEffects":true,"showParticleSystems":true},"in2DMode":false,"pivot":{"x":0.935271143913269,"y":0.20054566860198975,"z":-0.3422883152961731},"rotation":{"x":0.34045130014419558,"y":-0.32814744114875796,"z":0.1281529814004898,"w":0.8717875480651856},"size":2.3566715717315676,"orthographic":false}