{"cameraMode":{"drawMode":0,"name":"Shaded","section":"Shading Mode"},"sceneLighting":true,"audioPlay":false,"sceneViewState":{"showFog":true,"showMaterialUpdate":true,"showSkybox":true,"showFlares":true,"showImageEffects":true,"showParticleSystems":true},"in2DMode":false,"pivot":{"x":-13.339289665222168,"y":-3.5694751739501955,"z":6.716238975524902},"rotation":{"x":-0.23596780002117158,"y":0.6380411386489868,"z":-0.22068741917610169,"w":-0.6995996832847595},"size":45.643959045410159,"orthographic":false}