{"cameraMode":{"drawMode":0,"name":"Shaded","section":"Shading Mode"},"sceneLighting":false,"audioPlay":false,"sceneViewState":{"showFog":true,"showMaterialUpdate":true,"showSkybox":true,"showFlares":true,"showImageEffects":true,"showParticleSystems":true},"in2DMode":false,"pivot":{"x":25.472244262695314,"y":18.212797164916993,"z":1.373586893081665},"rotation":{"x":0.2882145047187805,"y":-0.5905659794807434,"z":0.23783530294895173,"w":0.7158068418502808},"size":1.714730143547058,"orthographic":false}