{"cameraMode":{"drawMode":0,"name":"Shaded","section":"Shading Mode"},"sceneLighting":true,"audioPlay":false,"sceneViewState":{"showFog":true,"showMaterialUpdate":true,"showSkybox":true,"showFlares":true,"showImageEffects":true,"showParticleSystems":true},"in2DMode":false,"pivot":{"x":1.3214863538742066,"y":7.502342224121094,"z":-7.513829231262207},"rotation":{"x":-0.38327452540397646,"y":0.01648685149848461,"z":-0.012043807655572892,"w":-0.9239478707313538},"size":3.384106159210205,"orthographic":false}