{"cameraMode":{"drawMode":0,"name":"Shaded","section":"Shading Mode"},"sceneLighting":false,"audioPlay":false,"sceneViewState":{"showFog":true,"showMaterialUpdate":true,"showSkybox":true,"showFlares":true,"showImageEffects":true,"showParticleSystems":true},"in2DMode":false,"pivot":{"x":-32.0172119140625,"y":-46.9296875,"z":33.97664260864258},"rotation":{"x":0.35822609066963198,"y":-0.29346171021461489,"z":0.11990679055452347,"w":0.8783513307571411},"size":83.82952117919922,"orthographic":false}