{"cameraMode":{"drawMode":0,"name":"Shaded","section":"Shading Mode"},"sceneLighting":true,"audioPlay":false,"sceneViewState":{"showFog":true,"showMaterialUpdate":true,"showSkybox":true,"showFlares":true,"showImageEffects":true,"showParticleSystems":true},"in2DMode":false,"pivot":{"x":-2.6741394996643068,"y":-1.5182907581329346,"z":-0.19477234780788423},"rotation":{"x":-0.32025134563446047,"y":0.07514338195323944,"z":-0.030300624668598176,"w":-0.944377064704895},"size":12.246795654296875,"orthographic":false}