{"cameraMode":{"drawMode":0,"name":"Shaded","section":"Shading Mode"},"sceneLighting":true,"audioPlay":false,"sceneViewState":{"showFog":true,"showMaterialUpdate":true,"showSkybox":true,"showFlares":true,"showImageEffects":true,"showParticleSystems":true},"in2DMode":false,"pivot":{"x":-6.044546127319336,"y":2.476804256439209,"z":-9.120796203613282},"rotation":{"x":0.23778466880321504,"y":-0.042540911585092548,"z":0.010461041703820229,"w":0.9703792333602905},"size":3.5220344066619875,"orthographic":false}