{"cameraMode":{"drawMode":0,"name":"Shaded","section":"Shading Mode"},"sceneLighting":true,"audioPlay":false,"sceneViewState":{"showFog":true,"showMaterialUpdate":true,"showSkybox":true,"showFlares":true,"showImageEffects":true,"showParticleSystems":true},"in2DMode":false,"pivot":{"x":5.479389667510986,"y":-12.016088485717774,"z":22.82345199584961},"rotation":{"x":0.26853251457214358,"y":-0.013843736611306668,"z":0.004385762847959995,"w":0.963516891002655},"size":46.529903411865237,"orthographic":false}