{"cameraMode":{"drawMode":0,"name":"Shaded","section":"Shading Mode"},"sceneLighting":false,"audioPlay":false,"sceneViewState":{"showFog":true,"showMaterialUpdate":true,"showSkybox":true,"showFlares":true,"showImageEffects":true,"showParticleSystems":true},"in2DMode":false,"pivot":{"x":5.053720474243164,"y":2.4588429927825929,"z":-2.8565850257873537},"rotation":{"x":0.27759772539138796,"y":-0.5726134181022644,"z":0.21525779366493226,"w":0.7412052154541016},"size":1.7147308588027955,"orthographic":false}