{"cameraMode":{"drawMode":0,"name":"Shaded","section":"Shading Mode"},"sceneLighting":true,"audioPlay":false,"sceneViewState":{"showFog":true,"showMaterialUpdate":true,"showSkybox":true,"showFlares":true,"showImageEffects":true,"showParticleSystems":true},"in2DMode":false,"pivot":{"x":1.7903847694396973,"y":2.0194687843322756,"z":-1.33970308303833},"rotation":{"x":-0.2895188331604004,"y":-0.21425817906856538,"z":0.06159130111336708,"w":-0.9313825964927673},"size":3.384106159210205,"orthographic":false}