{"cameraMode":{"drawMode":0,"name":"Shaded","section":"Shading Mode"},"sceneLighting":true,"audioPlay":false,"sceneViewState":{"showFog":true,"showMaterialUpdate":true,"showSkybox":true,"showFlares":true,"showImageEffects":true,"showParticleSystems":true},"in2DMode":false,"pivot":{"x":3.119440793991089,"y":39.98595428466797,"z":-80.79692077636719},"rotation":{"x":-0.3257428705692291,"y":0.013501833193004132,"z":-0.005014559719711542,"w":-0.9454358220100403},"size":6.803123950958252,"orthographic":false}