{"cameraMode":{"drawMode":0,"name":"Shaded","section":"Shading Mode"},"sceneLighting":true,"audioPlay":false,"sceneViewState":{"showFog":true,"showMaterialUpdate":true,"showSkybox":true,"showFlares":true,"showImageEffects":true,"showParticleSystems":true},"in2DMode":false,"pivot":{"x":-2.328404188156128,"y":-10.124509811401368,"z":18.85282325744629},"rotation":{"x":0.27353307604789736,"y":-0.06940193474292755,"z":0.020149486139416696,"w":0.9592365026473999},"size":38.77058029174805,"orthographic":false}