{"cameraMode":{"drawMode":0,"name":"Shaded","section":"Shading Mode"},"sceneLighting":true,"audioPlay":false,"sceneViewState":{"showFog":true,"showMaterialUpdate":true,"showSkybox":true,"showFlares":true,"showImageEffects":true,"showParticleSystems":true},"in2DMode":false,"pivot":{"x":-6.458972454071045,"y":-0.3172169029712677,"z":3.9549977779388429},"rotation":{"x":0.21045762300491334,"y":0.4909527003765106,"z":-0.12315789610147476,"w":0.8364511728286743},"size":6.803123950958252,"orthographic":false}