{"cameraMode":{"drawMode":0,"name":"Shaded","section":"Shading Mode"},"sceneLighting":true,"audioPlay":false,"sceneViewState":{"showFog":true,"showMaterialUpdate":true,"showSkybox":true,"showFlares":true,"showImageEffects":true,"showParticleSystems":true},"in2DMode":false,"pivot":{"x":-17.504348754882814,"y":-18.341766357421876,"z":16.27076530456543},"rotation":{"x":0.2990303039550781,"y":-0.37403741478919985,"z":0.12930713593959809,"w":0.8684310913085938},"size":38.77058029174805,"orthographic":false}