{"cameraMode":{"drawMode":0,"name":"Shaded","section":"Shading Mode"},"sceneLighting":false,"audioPlay":false,"sceneViewState":{"showFog":true,"showMaterialUpdate":true,"showSkybox":false,"showFlares":true,"showImageEffects":true,"showParticleSystems":true},"in2DMode":false,"pivot":{"x":-0.003692626953125,"y":0.028018712997436525,"z":-0.15462128818035127},"rotation":{"x":0.2605668306350708,"y":-0.689854085445404,"z":0.2959657609462738,"w":0.6072131395339966},"size":1.976347804069519,"orthographic":false}