{"cameraMode":{"drawMode":0,"name":"Shaded","section":"Shading Mode"},"sceneLighting":true,"audioPlay":false,"sceneViewState":{"showFog":true,"showMaterialUpdate":true,"showSkybox":true,"showFlares":true,"showImageEffects":true,"showParticleSystems":true},"in2DMode":false,"pivot":{"x":1.6569019556045533,"y":38.65393829345703,"z":-69.87342834472656},"rotation":{"x":-0.39294111728668215,"y":0.211466446518898,"z":-0.0937180444598198,"w":-0.89008629322052},"size":6.803123950958252,"orthographic":false}