{"cameraMode":{"drawMode":0,"name":"Shaded","section":"Shading Mode"},"sceneLighting":true,"audioPlay":false,"sceneViewState":{"showFog":true,"showMaterialUpdate":true,"showSkybox":true,"showFlares":true,"showImageEffects":true,"showParticleSystems":true},"in2DMode":false,"pivot":{"x":-30.13359832763672,"y":-15.552003860473633,"z":2.84002685546875},"rotation":{"x":0.18337246775627137,"y":-0.6427582502365112,"z":0.16294419765472413,"w":0.7258809804916382},"size":38.77058029174805,"orthographic":false}