{"cameraMode":{"drawMode":0,"name":"Shaded","section":"Shading Mode"},"sceneLighting":false,"audioPlay":false,"sceneViewState":{"showFog":true,"showMaterialUpdate":true,"showSkybox":true,"showFlares":true,"showImageEffects":true,"showParticleSystems":true},"in2DMode":false,"pivot":{"x":-4.723480701446533,"y":4.164945602416992,"z":-11.311518669128418},"rotation":{"x":-0.3305152952671051,"y":-0.07349199056625366,"z":0.02571885474026203,"w":-0.9408800005912781},"size":1.7147308588027955,"orthographic":false}