{"cameraMode":{"drawMode":0,"name":"Shaded","section":"Shading Mode"},"sceneLighting":true,"audioPlay":false,"sceneViewState":{"showFog":true,"showMaterialUpdate":true,"showSkybox":true,"showFlares":true,"showImageEffects":true,"showParticleSystems":true},"in2DMode":false,"pivot":{"x":9.968791961669922,"y":6.314896106719971,"z":-4.586961269378662},"rotation":{"x":0.30031585693359377,"y":-0.2370535284280777,"z":0.07732558995485306,"w":0.9206743240356445},"size":1.4852688312530518,"orthographic":false}